1.000000,0.022058,0.011263,0.000571,0.006980,0.000491,0.011309,0.000491,0.006797,0.000411,0.000286,0.000286,0.000457,0.000297,0.000274,0.000194,0.000286,0.000377,0.000685,0.000103,0.000651,0.000331,0.000571,0.000228,0.000525,0.000388,0.001851,0.000834,0.000731,0.002559,0.001268,0.001028,0.001097,0.001359,0.009116,0.000411,0.004535,0.000605,0.007368,0.000377,0.004752,0.000788,0.001679,0.001062,0.001005,0.000971,0.001668,0.001359,0.000994,0.001119,0.004455,0.001634,0.003815,0.002810,0.004272,0.001839,0.003724,0.003290,0.473144,0.027353,0.020015,0.386169
3.000000,0.015928,0.002701,0.000143,0.001675,0.000165,0.002844,0.000143,0.001797,0.000165,0.000143,0.000143,0.000088,0.000154,0.000121,0.000121,0.000143,0.000165,0.001598,0.000198,0.002304,0.000408,0.001378,0.000265,0.001896,0.000375,0.003726,0.002524,0.003042,0.003726,0.003748,0.002348,0.003340,0.004034,0.016347,0.000926,0.010957,0.001257,0.017493,0.000838,0.011045,0.001400,0.002866,0.002535,0.001764,0.002138,0.002491,0.002271,0.001775,0.002072,0.008929,0.002370,0.006955,0.003009,0.008686,0.002028,0.007154,0.003208,0.784943,0.067237,0.158490,0.032992
1.000000,0.006648,0.001140,0.000233,0.000700,0.000156,0.000661,0.000207,0.000855,0.000272,0.000428,0.000311,0.000311,0.000285,0.000246,0.000168,0.000428,0.000415,0.002605,0.000492,0.003771,0.000492,0.002916,0.000713,0.004251,0.000479,0.006946,0.006169,0.009525,0.004406,0.007452,0.006713,0.009590,0.005041,0.015227,0.001050,0.019568,0.001555,0.015551,0.000816,0.018817,0.001257,0.001724,0.002177,0.001866,0.002683,0.001490,0.002164,0.001905,0.002773,0.009616,0.001737,0.007750,0.001581,0.009279,0.001464,0.007776,0.001788,0.757921,0.033467,0.025601,0.025439
1.000000,0.010614,0.012250,0.000425,0.005563,0.000291,0.012589,0.000338,0.005271,0.000448,0.001046,0.001196,0.001007,0.001275,0.001188,0.001322,0.001101,0.001243,0.005248,0.002754,0.005783,0.002455,0.004854,0.002360,0.005287,0.002069,0.010606,0.007954,0.010197,0.011794,0.009717,0.005869,0.009449,0.011400,0.024972,0.002101,0.032006,0.002195,0.024980,0.002054,0.034996,0.002172,0.003124,0.002880,0.002533,0.003068,0.003100,0.002801,0.002439,0.002856,0.008489,0.007561,0.007946,0.007160,0.009426,0.007710,0.007238,0.006271,0.474862,0.031354,0.019881,0.150094
3.000000,0.015855,0.001964,0.000182,0.001491,0.000315,0.001600,0.000242,0.001370,0.000315,0.000194,0.000242,0.000109,0.000158,0.000242,0.000255,0.000158,0.000121,0.002388,0.000267,0.002521,0.000376,0.001515,0.000327,0.002800,0.000436,0.005491,0.004545,0.004473,0.003685,0.004776,0.003588,0.004655,0.004776,0.016933,0.000994,0.016255,0.001224,0.017079,0.000945,0.016327,0.001430,0.002036,0.002424,0.002097,0.002352,0.002036,0.002291,0.002230,0.002388,0.008873,0.003285,0.008158,0.003685,0.008521,0.003236,0.007721,0.003382,0.765758,0.067341,0.157979,0.026909
0.000000,0.004900,0.000766,0.000369,0.001659,0.000163,0.000560,0.000496,0.001567,0.000269,0.000227,0.000305,0.000638,0.000284,0.000149,0.000411,0.000390,0.000355,0.003318,0.000298,0.003205,0.000404,0.003453,0.000284,0.003290,0.000191,0.004389,0.006119,0.005070,0.005424,0.003949,0.005928,0.005481,0.005176,0.011175,0.001170,0.015372,0.001262,0.011600,0.001078,0.015564,0.001418,0.002113,0.001716,0.001964,0.002290,0.002156,0.001744,0.001879,0.002163,0.008707,0.002304,0.007963,0.002014,0.008778,0.002382,0.007778,0.001836,0.790561,0.016550,0.010342,0.023526
1.000000,0.004260,0.000255,0.000211,0.000607,0.000047,0.000261,0.000181,0.000466,0.000084,0.000215,0.000191,0.000265,0.000188,0.000111,0.000204,0.000204,0.000204,0.002588,0.000396,0.003479,0.000657,0.002567,0.000201,0.002976,0.000463,0.005785,0.005457,0.005923,0.004646,0.005701,0.005132,0.005913,0.005018,0.008031,0.000831,0.009613,0.001116,0.007974,0.000798,0.009418,0.001163,0.001146,0.001264,0.001284,0.001381,0.001331,0.001451,0.001170,0.001347,0.006224,0.001223,0.005815,0.001116,0.006372,0.001374,0.005886,0.000999,0.837195,0.033566,0.027715,0.019625
3.000000,0.013096,0.001717,0.000080,0.002993,0.000115,0.001908,0.000070,0.003485,0.000075,0.000296,0.000266,0.000141,0.000181,0.000221,0.000251,0.000271,0.000306,0.004278,0.000432,0.004273,0.000532,0.004343,0.000362,0.004303,0.000387,0.007030,0.005308,0.005142,0.005503,0.007035,0.005282,0.005056,0.005619,0.012252,0.001531,0.010640,0.001531,0.012548,0.001567,0.010374,0.001597,0.001516,0.001667,0.001356,0.001421,0.001321,0.001577,0.001351,0.001366,0.007196,0.001311,0.007276,0.001883,0.007115,0.001511,0.007527,0.001923,0.790165,0.067456,0.158597,0.020120
0.000000,0.002281,0.000228,0.000040,0.000282,0.000027,0.000174,0.000000,0.000228,0.000121,0.000161,0.000067,0.000148,0.000376,0.000107,0.000107,0.000094,0.000456,0.003059,0.000362,0.003569,0.000362,0.002589,0.000456,0.003327,0.000201,0.006238,0.005366,0.009445,0.004843,0.006051,0.003488,0.010223,0.004535,0.014087,0.001409,0.014623,0.001207,0.014073,0.001087,0.015522,0.001395,0.001462,0.001932,0.001570,0.002603,0.001731,0.002093,0.001503,0.002723,0.008881,0.002267,0.007204,0.002428,0.009109,0.001932,0.006681,0.002294,0.792683,0.016636,0.010400,0.018487
4.000000,0.009911,0.002857,0.001920,0.003438,0.000402,0.002917,0.001726,0.003378,0.000387,0.000208,0.000387,0.000223,0.000313,0.000119,0.000387,0.000313,0.000298,0.020268,0.000982,0.002485,0.000789,0.019821,0.000833,0.003051,0.000580,0.003229,0.004673,0.005952,0.004509,0.003661,0.004479,0.004658,0.005208,0.011548,0.001012,0.017098,0.001563,0.011696,0.001012,0.017292,0.001696,0.001443,0.001190,0.001280,0.001458,0.001399,0.001101,0.001265,0.001577,0.006176,0.002188,0.003854,0.002143,0.005372,0.002381,0.003854,0.001577,0.563720,0.081004,0.270047,0.220744
0.000000,0.001466,0.000356,0.000138,0.000251,0.000138,0.000283,0.000154,0.000227,0.000332,0.000316,0.000291,0.000397,0.000413,0.000275,0.000065,0.000308,0.000340,0.002081,0.000356,0.003296,0.000453,0.001733,0.000267,0.002834,0.000381,0.007158,0.003652,0.005927,0.005789,0.006405,0.003619,0.006113,0.004826,0.016040,0.000672,0.017166,0.001053,0.015425,0.000696,0.017879,0.000947,0.001798,0.002097,0.001279,0.001846,0.001911,0.002291,0.001101,0.001603,0.007012,0.002413,0.006259,0.002486,0.007838,0.002526,0.005911,0.002340,0.801061,0.016649,0.010627,0.017709
1.000000,0.012338,0.003511,0.000206,0.002331,0.000220,0.003618,0.000270,0.002381,0.000213,0.000163,0.000277,0.000256,0.000249,0.000355,0.000320,0.000284,0.000192,0.001947,0.000263,0.002274,0.000178,0.001962,0.000348,0.002630,0.000277,0.003092,0.004961,0.004776,0.003831,0.002644,0.004826,0.005060,0.003305,0.010981,0.000846,0.014080,0.001045,0.011983,0.000860,0.013802,0.001023,0.001791,0.001777,0.002552,0.002729,0.001855,0.001727,0.002608,0.002814,0.008621,0.003127,0.008188,0.002765,0.008550,0.003198,0.007982,0.002850,0.765380,0.033097,0.025806,0.047306
0.000000,0.000223,0.000064,0.000015,0.000144,0.000005,0.000015,0.000040,0.000213,0.000005,0.000089,0.000094,0.000139,0.000094,0.000040,0.000050,0.000109,0.000079,0.001887,0.000233,0.001550,0.000149,0.002045,0.000119,0.001381,0.000119,0.003080,0.005947,0.003362,0.002758,0.002773,0.005917,0.003560,0.002550,0.008611,0.000604,0.014132,0.000550,0.008021,0.000787,0.013864,0.000629,0.000693,0.000767,0.001248,0.000862,0.000822,0.000787,0.001307,0.000842,0.003466,0.001649,0.004793,0.001030,0.003694,0.001659,0.005095,0.000857,0.875089,0.016792,0.012710,0.009299
4.000000,0.005874,0.000463,0.000269,0.000894,0.000137,0.000360,0.000263,0.000983,0.000223,0.000194,0.000206,0.000137,0.000071,0.000120,0.000234,0.000111,0.000131,0.001500,0.000334,0.001317,0.000220,0.001251,0.000286,0.001283,0.000209,0.003063,0.003117,0.004194,0.002609,0.002986,0.002194,0.004637,0.002806,0.007691,0.000723,0.009349,0.000746,0.009117,0.000706,0.009737,0.000811,0.000897,0.000989,0.001066,0.001486,0.000897,0.000983,0.000900,0.001426,0.004114,0.001194,0.003837,0.001089,0.004083,0.001023,0.003634,0.001089,0.879131,0.084566,0.277144,0.010606
4.000000,0.000970,0.000174,0.000311,0.000179,0.000094,0.000174,0.000301,0.000273,0.000160,0.000155,0.000259,0.000259,0.000193,0.000151,0.000278,0.000419,0.000146,0.002288,0.000457,0.002792,0.000287,0.002274,0.000433,0.002830,0.000221,0.002411,0.003564,0.004614,0.004322,0.002651,0.003616,0.003922,0.004704,0.008804,0.000810,0.011427,0.001073,0.008644,0.000791,0.011201,0.001125,0.001827,0.001055,0.001111,0.001398,0.001751,0.001026,0.001205,0.001365,0.007439,0.001841,0.005485,0.001714,0.007307,0.001855,0.005673,0.001638,0.850608,0.084476,0.276326,0.015942
2.000000,0.010345,0.009699,0.000036,0.003897,0.000198,0.010776,0.000108,0.003682,0.000090,0.000233,0.000269,0.000090,0.000180,0.000485,0.000467,0.000233,0.000233,0.003017,0.000287,0.003125,0.000198,0.002838,0.000216,0.003377,0.000251,0.003682,0.004993,0.004023,0.006825,0.003215,0.003969,0.004346,0.006897,0.017332,0.000934,0.018499,0.001096,0.018858,0.001078,0.018445,0.001221,0.002532,0.001545,0.002012,0.001724,0.002604,0.001419,0.001814,0.001850,0.008819,0.002550,0.007166,0.004418,0.008334,0.002910,0.007094,0.004508,0.642300,0.048701,0.072455,0.126657
0.000000,0.004813,0.002315,0.000365,0.002901,0.000279,0.002122,0.000714,0.003379,0.000226,0.000596,0.000548,0.000575,0.000731,0.000478,0.000682,0.000575,0.000865,0.004496,0.000827,0.004093,0.000677,0.004765,0.000779,0.004292,0.000559,0.007069,0.008767,0.007816,0.005801,0.007741,0.008799,0.007762,0.006118,0.008793,0.001746,0.010061,0.001128,0.007896,0.001595,0.010104,0.001305,0.001531,0.001767,0.001606,0.001381,0.001703,0.001912,0.001671,0.001483,0.010432,0.004185,0.012323,0.004115,0.010759,0.004571,0.012387,0.003551,0.629984,0.014415,0.006545,0.149488
0.000000,0.006008,0.003754,0.000262,0.002093,0.000302,0.003523,0.000081,0.001671,0.000362,0.000946,0.000634,0.000413,0.000684,0.000564,0.000382,0.000332,0.000463,0.005072,0.000654,0.002748,0.000513,0.004952,0.000554,0.002144,0.000403,0.006029,0.008847,0.005646,0.005918,0.006240,0.008555,0.005213,0.005515,0.012258,0.002858,0.013265,0.000906,0.012309,0.002798,0.013466,0.000705,0.001339,0.001892,0.002657,0.001993,0.001490,0.002114,0.002335,0.001520,0.005807,0.003060,0.008031,0.004046,0.005888,0.003955,0.007961,0.003029,0.681985,0.015070,0.007680,0.110860
1.000000,0.000867,0.000556,0.000083,0.000412,0.000037,0.000477,0.000139,0.000463,0.000051,0.000278,0.000241,0.000287,0.000320,0.000236,0.000324,0.000209,0.000366,0.003286,0.000644,0.002975,0.000565,0.002794,0.000519,0.002957,0.000399,0.005811,0.007141,0.007322,0.005556,0.005983,0.007160,0.006506,0.005733,0.012763,0.000867,0.014394,0.000885,0.013249,0.000779,0.014755,0.000918,0.001376,0.001362,0.001733,0.001682,0.001274,0.001242,0.001696,0.001650,0.006488,0.002229,0.006377,0.002173,0.006659,0.002229,0.005997,0.002164,0.792800,0.033363,0.026512,0.031559
1.000000,0.000485,0.000111,0.000032,0.000250,0.000040,0.000175,0.000012,0.000250,0.000060,0.000175,0.000155,0.000163,0.000203,0.000159,0.000083,0.000147,0.000135,0.001880,0.000735,0.002210,0.000453,0.001840,0.000417,0.002166,0.000306,0.004216,0.004558,0.004908,0.004379,0.004041,0.004610,0.004590,0.004471,0.008914,0.000529,0.016746,0.000592,0.009327,0.000505,0.015391,0.000576,0.001176,0.001057,0.001125,0.001133,0.001192,0.001113,0.001121,0.001121,0.005377,0.001963,0.005043,0.001530,0.005321,0.001947,0.005071,0.001427,0.846594,0.033632,0.027983,0.015697
2.000000,0.029562,0.005464,0.000076,0.009611,0.000038,0.004384,0.000142,0.008238,0.000047,0.000369,0.000237,0.000142,0.000152,0.000312,0.000417,0.000208,0.000199,0.003503,0.000578,0.001922,0.000473,0.002803,0.000615,0.001704,0.000464,0.003627,0.004583,0.002424,0.002291,0.004128,0.003627,0.002737,0.002869,0.011959,0.002273,0.011410,0.000776,0.012480,0.002026,0.011486,0.000805,0.001506,0.003627,0.002727,0.001250,0.001316,0.003551,0.002500,0.001752,0.008797,0.012395,0.009573,0.008162,0.008361,0.012063,0.009895,0.007556,0.643809,0.048983,0.072466,0.110000
0.000000,0.000104,0.000214,0.000032,0.000175,0.000013,0.000123,0.000032,0.000383,0.000006,0.000110,0.000201,0.000162,0.000169,0.000175,0.000071,0.000201,0.000208,0.002995,0.000396,0.002183,0.000331,0.003015,0.000156,0.001598,0.000156,0.003938,0.005068,0.004224,0.002651,0.004535,0.004665,0.003775,0.002703,0.015198,0.001072,0.018882,0.000520,0.014412,0.001007,0.018830,0.000507,0.001046,0.001592,0.001702,0.001592,0.001235,0.001709,0.001767,0.001371,0.005575,0.003678,0.008012,0.002833,0.006069,0.004003,0.008207,0.002541,0.807505,0.016536,0.010805,0.024360
1.000000,0.007312,0.005153,0.000411,0.001896,0.000381,0.005264,0.000381,0.001620,0.000411,0.000816,0.000804,0.000728,0.000886,0.000687,0.000716,0.000687,0.000845,0.003738,0.001004,0.003879,0.002254,0.003480,0.000904,0.004114,0.002007,0.012893,0.006596,0.005892,0.012881,0.012905,0.005340,0.006749,0.011626,0.016561,0.001262,0.011015,0.001385,0.019630,0.001150,0.010851,0.001438,0.001450,0.001491,0.001502,0.001485,0.001602,0.001602,0.001362,0.001673,0.006491,0.003650,0.007107,0.007506,0.006062,0.003263,0.005886,0.007042,0.524061,0.030030,0.020739,0.228216
0.000000,0.012634,0.002834,0.000356,0.004749,0.000193,0.002429,0.000356,0.004199,0.000169,0.000236,0.000284,0.000405,0.000260,0.000091,0.000151,0.000224,0.000205,0.001613,0.000495,0.001613,0.000429,0.001692,0.000508,0.001819,0.000387,0.003480,0.005958,0.008483,0.004230,0.003057,0.005734,0.009523,0.003722,0.010091,0.000731,0.017782,0.000912,0.010514,0.000840,0.017794,0.000870,0.001088,0.000985,0.001468,0.001909,0.001063,0.000924,0.001408,0.001903,0.005438,0.003269,0.004816,0.001728,0.005257,0.003015,0.004719,0.001583,0.769621,0.016140,0.009804,0.047752
2.000000,0.001708,0.002168,0.000043,0.000776,0.000056,0.002093,0.000019,0.000770,0.000031,0.000093,0.000137,0.000236,0.000118,0.000130,0.000143,0.000155,0.000186,0.002534,0.000335,0.002739,0.000180,0.002429,0.000298,0.002677,0.000236,0.004280,0.005118,0.005379,0.006348,0.003789,0.004894,0.005199,0.005217,0.013484,0.000820,0.014839,0.000776,0.013950,0.000789,0.014839,0.000913,0.001745,0.001193,0.001373,0.001516,0.001646,0.001068,0.001391,0.001404,0.006839,0.001925,0.006062,0.002130,0.007093,0.001882,0.005863,0.002236,0.803168,0.050330,0.076219,0.030540
0.000000,0.000131,0.000104,0.000032,0.000240,0.000027,0.000154,0.000018,0.000217,0.000041,0.000104,0.000199,0.000167,0.000176,0.000109,0.000140,0.000181,0.000090,0.002213,0.000380,0.002050,0.000244,0.002181,0.000231,0.002036,0.000167,0.003520,0.006579,0.004959,0.003403,0.003615,0.005715,0.005127,0.003421,0.010882,0.000643,0.017923,0.000606,0.010498,0.000688,0.017643,0.000710,0.001054,0.001240,0.001679,0.001339,0.001063,0.001385,0.001751,0.001276,0.005557,0.002873,0.006593,0.001873,0.005480,0.002878,0.006855,0.001629,0.779701,0.015793,0.010076,0.068208
0.000000,0.004869,0.003043,0.000026,0.001493,0.000022,0.002942,0.000044,0.001690,0.000018,0.000088,0.000162,0.000294,0.000132,0.000088,0.000202,0.000220,0.000162,0.002406,0.000667,0.002441,0.000408,0.002437,0.000505,0.002037,0.000422,0.005765,0.010182,0.010371,0.004900,0.006033,0.010152,0.009405,0.004430,0.008395,0.001339,0.016303,0.001458,0.008198,0.001401,0.016220,0.001260,0.000874,0.001023,0.001401,0.001436,0.000847,0.000975,0.001418,0.001506,0.004768,0.000804,0.005225,0.002292,0.005080,0.000808,0.005427,0.001919,0.795034,0.016499,0.010464,0.026530
3.000000,0.008360,0.000956,0.000139,0.000550,0.000263,0.000956,0.000139,0.000670,0.000191,0.000182,0.000191,0.000115,0.000120,0.000172,0.000163,0.000148,0.000268,0.001827,0.000488,0.004032,0.000512,0.001516,0.000435,0.004103,0.000526,0.005557,0.004916,0.007035,0.007647,0.005935,0.004448,0.007006,0.008001,0.010899,0.000827,0.010263,0.001966,0.011540,0.000789,0.010191,0.001908,0.001798,0.001196,0.001090,0.001798,0.001760,0.001129,0.001028,0.001765,0.008159,0.000775,0.004758,0.000837,0.008054,0.000574,0.004467,0.000698,0.812597,0.067431,0.159206,0.021569
4.000000,0.040075,0.010168,0.000329,0.011418,0.000198,0.010172,0.000419,0.012346,0.000307,0.000688,0.000505,0.000572,0.000412,0.000415,0.000666,0.000640,0.000505,0.002312,0.000879,0.003158,0.001459,0.001826,0.000913,0.003543,0.001523,0.005990,0.004979,0.007826,0.006495,0.005937,0.004938,0.007931,0.006588,0.015155,0.001190,0.012327,0.001152,0.013850,0.002503,0.012615,0.001414,0.001597,0.001395,0.002387,0.001822,0.001276,0.001478,0.002458,0.002391,0.006790,0.005840,0.004452,0.005709,0.007000,0.006820,0.004149,0.009428,0.586173,0.082500,0.270264,0.132499
0.000000,0.000863,0.001642,0.000232,0.000663,0.000174,0.001427,0.000179,0.000626,0.000247,0.000332,0.000390,0.000600,0.000500,0.000369,0.000290,0.000395,0.000453,0.003080,0.000584,0.003348,0.000648,0.002969,0.000532,0.003301,0.000569,0.007238,0.005264,0.006944,0.006133,0.007091,0.004622,0.006786,0.006165,0.014535,0.000953,0.017072,0.000974,0.014314,0.000905,0.017478,0.001048,0.001690,0.001921,0.001442,0.001700,0.001853,0.001974,0.001458,0.001806,0.007112,0.003069,0.006649,0.003801,0.007512,0.003001,0.006775,0.003438,0.764785,0.016304,0.009676,0.038082
2.000000,0.004139,0.001089,0.000542,0.001512,0.000299,0.001244,0.000666,0.001409,0.000263,0.000888,0.001192,0.000408,0.000480,0.001161,0.000831,0.000434,0.000459,0.003721,0.001043,0.002121,0.000413,0.002947,0.000945,0.001899,0.000356,0.002906,0.003866,0.004439,0.001801,0.002772,0.004537,0.004217,0.002152,0.009626,0.000883,0.013383,0.000712,0.009652,0.000790,0.012955,0.000655,0.001399,0.001884,0.002514,0.002870,0.001373,0.001662,0.002653,0.002756,0.007370,0.002457,0.008093,0.002761,0.007747,0.002457,0.008093,0.002648,0.794856,0.050159,0.076006,0.040603
3.000000,0.009096,0.000632,0.000108,0.000759,0.000071,0.000655,0.000123,0.000782,0.000099,0.000151,0.000057,0.000090,0.000123,0.000146,0.000075,0.000080,0.000094,0.002644,0.000255,0.002295,0.000231,0.002168,0.000231,0.002210,0.000297,0.005420,0.007597,0.004991,0.005618,0.005453,0.006424,0.005585,0.005090,0.010039,0.001178,0.013437,0.001018,0.009869,0.001273,0.013305,0.001084,0.001287,0.001612,0.001937,0.001343,0.001386,0.001470,0.001848,0.001456,0.005934,0.000985,0.007400,0.000895,0.005920,0.000971,0.007197,0.000952,0.822072,0.067551,0.159453,0.014483
1.000000,0.007342,0.000970,0.000108,0.000622,0.000246,0.000955,0.000174,0.000477,0.000276,0.000150,0.000162,0.000135,0.000210,0.000150,0.000156,0.000165,0.000189,0.002453,0.000369,0.002895,0.000345,0.002390,0.000324,0.003126,0.000276,0.005568,0.006306,0.006075,0.008213,0.005688,0.005601,0.005934,0.008426,0.008078,0.001138,0.010159,0.001898,0.008345,0.001207,0.009901,0.002153,0.001796,0.001084,0.001174,0.001246,0.001877,0.001123,0.001015,0.001174,0.007655,0.000207,0.004976,0.000237,0.006994,0.000195,0.004934,0.000135,0.829529,0.033639,0.027497,0.015288
1.000000,0.003523,0.002575,0.000247,0.001305,0.000288,0.002520,0.000151,0.001181,0.000398,0.000597,0.000371,0.000330,0.000501,0.000494,0.000639,0.000412,0.000618,0.002884,0.000488,0.003900,0.000405,0.002850,0.000467,0.004209,0.000488,0.003983,0.007890,0.006592,0.014070,0.004244,0.007938,0.007018,0.013810,0.018259,0.001092,0.014331,0.001367,0.018623,0.000941,0.014723,0.001305,0.004690,0.001504,0.002609,0.002294,0.004711,0.001634,0.002355,0.002493,0.013864,0.002149,0.007979,0.004161,0.013679,0.002149,0.007355,0.003990,0.689529,0.032800,0.023973,0.064824
1.000000,0.016331,0.005292,0.000715,0.009943,0.000316,0.006360,0.000780,0.010510,0.000325,0.000826,0.000836,0.001133,0.000966,0.000613,0.000901,0.001049,0.001049,0.005673,0.003509,0.006406,0.001532,0.004076,0.003147,0.005756,0.001606,0.003983,0.018587,0.012831,0.005496,0.003658,0.015801,0.014232,0.005245,0.017742,0.002358,0.052742,0.003454,0.020137,0.002089,0.057255,0.002535,0.002739,0.002646,0.004020,0.002952,0.002581,0.001959,0.002869,0.002934,0.008393,0.014966,0.009108,0.004726,0.009330,0.014121,0.006759,0.004531,0.386438,0.030659,0.018699,0.191139
4.000000,0.046883,0.000895,0.000476,0.001455,0.000420,0.000965,0.000553,0.001819,0.000427,0.000553,0.000371,0.000378,0.000469,0.000511,0.000602,0.000532,0.000441,0.002973,0.000853,0.002826,0.000455,0.003294,0.000790,0.003532,0.000483,0.003147,0.006288,0.006966,0.002728,0.003098,0.005567,0.005889,0.003707,0.006239,0.001035,0.015415,0.000867,0.007407,0.001084,0.015408,0.001084,0.000958,0.001308,0.001826,0.001672,0.000783,0.000944,0.001574,0.001881,0.004574,0.004294,0.005833,0.002224,0.004784,0.004434,0.004658,0.002161,0.630171,0.081915,0.271261,0.167037
3.000000,0.038115,0.004434,0.000148,0.011428,0.000122,0.005416,0.000141,0.012326,0.000109,0.000270,0.000186,0.000135,0.000218,0.000218,0.000199,0.000180,0.000218,0.002650,0.000661,0.003273,0.000687,0.002830,0.000520,0.003042,0.000693,0.006308,0.006455,0.006070,0.010196,0.007007,0.005294,0.006160,0.010254,0.013751,0.001392,0.011909,0.001630,0.014033,0.001790,0.011640,0.001630,0.002098,0.001502,0.001457,0.001649,0.002291,0.001810,0.001232,0.001418,0.007559,0.001707,0.006276,0.002503,0.007578,0.001803,0.006333,0.002214,0.711949,0.067205,0.156671,0.034887
1.000000,0.007783,0.012200,0.000099,0.002026,0.000149,0.012275,0.000116,0.002018,0.000099,0.000165,0.000074,0.000182,0.000182,0.000190,0.000099,0.000141,0.000091,0.001001,0.000207,0.001199,0.000207,0.000860,0.000157,0.001108,0.000190,0.003433,0.006576,0.003664,0.005980,0.003557,0.006129,0.003639,0.005724,0.008883,0.000273,0.011348,0.000414,0.009272,0.000289,0.012250,0.000488,0.001340,0.000926,0.001505,0.000893,0.001464,0.000736,0.001216,0.000893,0.003896,0.005947,0.004351,0.005533,0.003863,0.006476,0.003970,0.005773,0.711481,0.031949,0.024529,0.114996
3.000000,0.001657,0.000433,0.000042,0.000275,0.000117,0.000408,0.000167,0.000433,0.000058,0.000100,0.000175,0.000083,0.000125,0.000167,0.000175,0.000200,0.000150,0.003122,0.000291,0.003056,0.000150,0.003697,0.000208,0.003464,0.000183,0.002931,0.004804,0.005687,0.003822,0.002523,0.003872,0.005145,0.003922,0.014587,0.001307,0.013996,0.001191,0.013580,0.001474,0.013829,0.001465,0.001890,0.001390,0.002215,0.002698,0.002032,0.001390,0.002215,0.002556,0.011565,0.001757,0.009408,0.001832,0.011781,0.001898,0.010000,0.001682,0.793183,0.067331,0.158697,0.027442
0.000000,0.000446,0.000215,0.000092,0.000223,0.000085,0.000162,0.000100,0.000177,0.000054,0.000269,0.000446,0.000277,0.000162,0.000231,0.000285,0.000246,0.000185,0.002177,0.000569,0.003407,0.000315,0.002161,0.000369,0.003399,0.000431,0.003723,0.006114,0.007437,0.006353,0.004615,0.005415,0.007983,0.007122,0.014752,0.001038,0.014552,0.001769,0.013929,0.001015,0.013521,0.001692,0.002077,0.001146,0.001654,0.002261,0.002192,0.001415,0.001631,0.002415,0.010098,0.002330,0.006168,0.002077,0.010075,0.002192,0.006661,0.001900,0.792986,0.016556,0.010409,0.023212
4.000000,0.018131,0.004777,0.000122,0.001831,0.000096,0.004629,0.000087,0.002083,0.000113,0.000200,0.000148,0.000200,0.000235,0.000148,0.000244,0.000209,0.000174,0.002877,0.000366,0.001569,0.000349,0.002441,0.000427,0.001778,0.000349,0.003129,0.003408,0.003060,0.001874,0.003687,0.002911,0.003652,0.002397,0.007069,0.001560,0.014984,0.000924,0.007732,0.001395,0.014174,0.000680,0.001142,0.001735,0.001377,0.001273,0.000907,0.001848,0.001351,0.001543,0.004629,0.002528,0.006660,0.002014,0.003975,0.002371,0.006642,0.001848,0.746339,0.083125,0.273738,0.095598
1.000000,0.006435,0.002127,0.000046,0.002207,0.000146,0.002154,0.000166,0.002425,0.000192,0.000305,0.000245,0.000212,0.000298,0.000258,0.000258,0.000133,0.000252,0.001763,0.000431,0.002054,0.000504,0.001856,0.000550,0.001981,0.000417,0.004374,0.004738,0.004201,0.003519,0.004526,0.003989,0.004129,0.003559,0.011325,0.000755,0.016064,0.000994,0.011849,0.000577,0.015852,0.000888,0.001166,0.001869,0.001504,0.001504,0.001054,0.001491,0.001504,0.001730,0.004964,0.002631,0.005514,0.002770,0.004685,0.002969,0.005202,0.002843,0.750987,0.032426,0.025476,0.086859
4.000000,0.095401,0.009774,0.000397,0.019123,0.000453,0.011814,0.000467,0.020043,0.000467,0.000581,0.000524,0.000538,0.000652,0.000496,0.000467,0.000467,0.000623,0.003428,0.001289,0.001997,0.000666,0.003272,0.001360,0.002266,0.001048,0.004816,0.005369,0.005723,0.002479,0.003796,0.006105,0.004533,0.003230,0.011431,0.002266,0.016375,0.001544,0.010326,0.002720,0.017564,0.001388,0.001728,0.002380,0.002550,0.002451,0.001785,0.002281,0.002564,0.001912,0.006601,0.003258,0.007054,0.002238,0.006728,0.002649,0.006941,0.002266,0.573650,0.083158,0.270042,0.093687
1.000000,0.010032,0.003222,0.000572,0.003975,0.000289,0.003971,0.000874,0.004937,0.000424,0.001481,0.000736,0.000411,0.000522,0.000989,0.001307,0.000818,0.000828,0.006326,0.001038,0.004053,0.000332,0.004126,0.000962,0.004881,0.000726,0.005052,0.009972,0.006448,0.003879,0.003708,0.007450,0.007870,0.005485,0.011855,0.002539,0.018769,0.001639,0.010212,0.002151,0.020004,0.002076,0.002339,0.002207,0.003393,0.002135,0.001478,0.001495,0.003255,0.003258,0.008471,0.003712,0.007345,0.003012,0.006681,0.002710,0.007404,0.003406,0.661703,0.032219,0.023365,0.099054
1.000000,0.003258,0.000834,0.000269,0.000996,0.000078,0.000636,0.000170,0.001046,0.000141,0.000304,0.000339,0.000495,0.000382,0.000339,0.000339,0.000495,0.000530,0.002290,0.000608,0.002509,0.000579,0.002431,0.000339,0.002742,0.000544,0.004572,0.006353,0.005866,0.005018,0.004007,0.005979,0.005710,0.005010,0.012770,0.000622,0.022042,0.000784,0.012572,0.000975,0.021985,0.000912,0.001378,0.001548,0.001562,0.001760,0.001526,0.001498,0.001505,0.001668,0.006120,0.003223,0.005682,0.002127,0.006092,0.003237,0.005540,0.001922,0.791638,0.033490,0.026479,0.024105
0.000000,0.016280,0.006368,0.000680,0.006580,0.000449,0.006099,0.000212,0.004352,0.000250,0.000558,0.000648,0.000719,0.000616,0.000719,0.000533,0.000282,0.000430,0.005745,0.000514,0.004404,0.000591,0.006099,0.000533,0.004616,0.000424,0.006118,0.008281,0.005341,0.006413,0.005739,0.008313,0.005521,0.006253,0.008429,0.002407,0.013866,0.001765,0.011279,0.002394,0.013950,0.001791,0.002151,0.002542,0.003467,0.002812,0.002991,0.003011,0.003505,0.002382,0.008679,0.003909,0.012146,0.006272,0.010984,0.006137,0.013038,0.006066,0.601034,0.014707,0.005943,0.132313
0.000000,0.005029,0.000422,0.000132,0.000464,0.000119,0.000370,0.000138,0.000386,0.000126,0.000068,0.000142,0.000200,0.000222,0.000055,0.000106,0.000106,0.000058,0.003451,0.000274,0.001723,0.000312,0.002914,0.000576,0.001626,0.000219,0.004202,0.005197,0.004218,0.004511,0.003841,0.005480,0.004846,0.003973,0.006771,0.001752,0.010042,0.000818,0.007521,0.001665,0.010084,0.000837,0.001211,0.001201,0.001407,0.001114,0.001262,0.001188,0.001291,0.001298,0.004858,0.000435,0.005882,0.000412,0.004533,0.000415,0.005840,0.000335,0.860614,0.016751,0.012284,0.011710
2.000000,0.003549,0.000412,0.000003,0.000256,0.000045,0.000376,0.000000,0.000490,0.000016,0.000088,0.000071,0.000036,0.000075,0.000094,0.000078,0.000081,0.000104,0.001499,0.000201,0.001687,0.000308,0.001200,0.000337,0.002274,0.000344,0.002969,0.004205,0.003459,0.003287,0.002686,0.003488,0.004107,0.003864,0.007848,0.000506,0.010898,0.000756,0.008938,0.000438,0.010301,0.000714,0.000925,0.000827,0.000908,0.001025,0.000951,0.000837,0.000993,0.000902,0.004610,0.001168,0.003867,0.000957,0.004328,0.001252,0.003747,0.000996,0.879067,0.050669,0.078337,0.010548
0.000000,0.002259,0.001417,0.000089,0.001090,0.000142,0.001665,0.000239,0.001807,0.000151,0.000540,0.000408,0.000372,0.000461,0.000470,0.000567,0.000585,0.000390,0.003818,0.000558,0.002773,0.000682,0.003526,0.000514,0.003083,0.000638,0.004066,0.007982,0.006299,0.006866,0.004412,0.007548,0.007185,0.006343,0.009240,0.001178,0.011951,0.001063,0.009231,0.001143,0.010294,0.001249,0.002534,0.002543,0.002711,0.002507,0.002693,0.002605,0.002950,0.002321,0.025000,0.007778,0.023494,0.005652,0.023361,0.006644,0.024398,0.006086,0.537527,0.013646,0.004768,0.194906
1.000000,0.007592,0.001464,0.000078,0.001268,0.000156,0.001575,0.000173,0.001687,0.000201,0.000229,0.000145,0.000196,0.000240,0.000151,0.000212,0.000279,0.000196,0.002028,0.000408,0.001648,0.000330,0.001480,0.000425,0.001961,0.000302,0.004860,0.005078,0.003754,0.005022,0.004570,0.003609,0.005363,0.004972,0.010726,0.000939,0.009492,0.000832,0.012877,0.000687,0.009721,0.000754,0.001525,0.001380,0.001296,0.001162,0.001335,0.001274,0.001039,0.001374,0.005598,0.000726,0.005385,0.000944,0.004626,0.000922,0.004263,0.001045,0.759106,0.032215,0.025692,0.099318
3.000000,0.001014,0.000930,0.000042,0.000403,0.000028,0.000625,0.000208,0.000583,0.000111,0.000722,0.000458,0.000486,0.000486,0.000430,0.000500,0.000458,0.000403,0.003652,0.000528,0.004054,0.000680,0.002805,0.000403,0.004901,0.000472,0.005581,0.005526,0.005401,0.005095,0.007622,0.003679,0.007053,0.005609,0.015564,0.001749,0.022270,0.001402,0.019479,0.000902,0.021548,0.002249,0.001791,0.002055,0.001763,0.002152,0.001597,0.002083,0.001458,0.002305,0.010010,0.001860,0.008150,0.001666,0.008122,0.001985,0.006484,0.001527,0.763443,0.067365,0.157921,0.025436
0.000000,0.002209,0.001156,0.000190,0.001329,0.000311,0.001812,0.000138,0.001501,0.000328,0.000966,0.000621,0.000880,0.000811,0.000949,0.000828,0.000794,0.000742,0.003382,0.000604,0.003106,0.001415,0.003451,0.000552,0.003762,0.001139,0.006764,0.005263,0.005384,0.007403,0.006954,0.004849,0.003003,0.007265,0.021450,0.001139,0.012804,0.000466,0.022778,0.000984,0.011769,0.001363,0.001812,0.001588,0.001674,0.001898,0.001967,0.001070,0.001846,0.001864,0.007972,0.004314,0.010371,0.005505,0.006764,0.004435,0.010406,0.006091,0.556238,0.013194,0.005106,0.221570
2.000000,0.003826,0.000625,0.000073,0.000828,0.000130,0.000861,0.000073,0.000780,0.000114,0.000309,0.000195,0.000309,0.000390,0.000203,0.000211,0.000252,0.000301,0.002940,0.000650,0.004020,0.000422,0.002794,0.000455,0.003891,0.000463,0.005279,0.006019,0.006628,0.004865,0.005426,0.006246,0.006278,0.005401,0.012906,0.001040,0.016585,0.001527,0.013491,0.001096,0.016455,0.001933,0.001689,0.001722,0.001998,0.002193,0.001600,0.001722,0.001876,0.002331,0.009657,0.001129,0.007740,0.001251,0.009048,0.001178,0.007627,0.001251,0.783707,0.050407,0.075692,0.025991
1.000000,0.015596,0.005505,0.000483,0.004153,0.000818,0.005171,0.000451,0.004023,0.000585,0.000479,0.000465,0.000520,0.000479,0.000571,0.000446,0.000372,0.000525,0.002787,0.000400,0.002179,0.000734,0.002518,0.000279,0.001877,0.000511,0.006230,0.004585,0.002815,0.004683,0.006239,0.004636,0.002541,0.004599,0.011405,0.001593,0.008070,0.000971,0.011805,0.001361,0.008023,0.000925,0.001584,0.002146,0.001775,0.001343,0.001988,0.002249,0.001877,0.001315,0.006630,0.004051,0.008418,0.004437,0.006485,0.003949,0.008330,0.004256,0.721528,0.032454,0.024741,0.085231
1.000000,0.004706,0.000403,0.000050,0.000407,0.000055,0.000393,0.000025,0.000373,0.000065,0.000104,0.000149,0.000114,0.000124,0.000209,0.000149,0.000139,0.000149,0.002539,0.000174,0.003021,0.000666,0.002713,0.000224,0.003076,0.000671,0.005123,0.005908,0.006609,0.004313,0.004532,0.005188,0.006351,0.005088,0.008895,0.001203,0.010952,0.001660,0.010117,0.001416,0.010937,0.001585,0.001302,0.001302,0.001232,0.001545,0.001014,0.001088,0.001282,0.001471,0.007156,0.000199,0.006261,0.000119,0.007046,0.000174,0.006062,0.000169,0.841140,0.033714,0.027820,0.010863
0.000000,0.000114,0.000105,0.000035,0.000298,0.000132,0.000044,0.000009,0.000193,0.000000,0.000219,0.000272,0.000413,0.000255,0.000132,0.000053,0.000369,0.000176,0.002555,0.000632,0.004021,0.000465,0.002774,0.000483,0.003959,0.000325,0.005057,0.006620,0.006497,0.005917,0.004978,0.006216,0.006839,0.005645,0.015320,0.000764,0.018823,0.001413,0.015144,0.000939,0.018147,0.001343,0.001782,0.001299,0.001888,0.001896,0.001756,0.001449,0.001765,0.001888,0.008261,0.002572,0.006567,0.002888,0.008463,0.002528,0.007006,0.002941,0.785477,0.016578,0.010212,0.021878
0.000000,0.002348,0.000293,0.000087,0.000196,0.000014,0.000286,0.000094,0.000196,0.000038,0.000206,0.000098,0.000126,0.000045,0.000185,0.000157,0.000108,0.000084,0.002026,0.000321,0.002571,0.000412,0.002044,0.000367,0.002400,0.000374,0.006348,0.004158,0.003850,0.005255,0.004979,0.004213,0.004343,0.005534,0.010198,0.000954,0.009038,0.001108,0.009884,0.001017,0.008787,0.001010,0.001160,0.001230,0.001055,0.000891,0.001244,0.001247,0.001097,0.000943,0.004940,0.000290,0.004738,0.000569,0.004926,0.000475,0.004489,0.000500,0.865145,0.016791,0.012416,0.009307
0.000000,0.014725,0.002550,0.000376,0.002282,0.000215,0.002685,0.000107,0.002738,0.000362,0.000255,0.000242,0.000456,0.000389,0.000295,0.000268,0.000389,0.000389,0.001852,0.000349,0.001463,0.000416,0.001114,0.000416,0.001409,0.000215,0.003879,0.004685,0.002470,0.003866,0.003799,0.003973,0.003463,0.003946,0.012430,0.000966,0.014094,0.000779,0.012859,0.000671,0.014537,0.000765,0.001557,0.001799,0.001611,0.001463,0.001893,0.001799,0.001691,0.001570,0.005732,0.003141,0.006322,0.003718,0.005383,0.003315,0.005557,0.003933,0.778993,0.016146,0.010047,0.047383
2.000000,0.004184,0.002078,0.000095,0.000978,0.000088,0.002071,0.000115,0.000930,0.000170,0.000265,0.000312,0.000272,0.000462,0.000265,0.000231,0.000340,0.000414,0.003932,0.000584,0.002914,0.000516,0.003314,0.000448,0.002968,0.000475,0.007885,0.006438,0.004713,0.005623,0.007858,0.006316,0.005243,0.005820,0.012802,0.001331,0.014195,0.000917,0.013393,0.001148,0.013896,0.001100,0.001610,0.002248,0.001800,0.001229,0.001562,0.002146,0.001691,0.001501,0.006269,0.002207,0.008653,0.002601,0.006119,0.002004,0.008109,0.002350,0.784155,0.050396,0.075703,0.026644
0.000000,0.010707,0.001615,0.000219,0.002319,0.000173,0.001569,0.000208,0.002492,0.000219,0.000496,0.000381,0.000346,0.000496,0.000450,0.000358,0.000542,0.000738,0.003646,0.000577,0.004592,0.000692,0.003854,0.000727,0.004131,0.000704,0.005884,0.005723,0.006404,0.005065,0.005192,0.005319,0.006577,0.005157,0.015392,0.001685,0.022476,0.001904,0.014711,0.001581,0.023088,0.001685,0.002665,0.002654,0.002665,0.002677,0.002965,0.002827,0.002792,0.003023,0.011019,0.005031,0.010165,0.003808,0.011250,0.004696,0.009819,0.003484,0.707373,0.016254,0.008260,0.040995
4.000000,0.015073,0.006243,0.001155,0.009810,0.000468,0.006623,0.001520,0.010380,0.000643,0.001228,0.001360,0.000965,0.001023,0.001433,0.001111,0.000833,0.000921,0.008933,0.003933,0.005804,0.001594,0.007953,0.002749,0.005629,0.001711,0.006199,0.011301,0.011988,0.006418,0.006272,0.010570,0.010570,0.006477,0.012602,0.003085,0.025702,0.002032,0.013596,0.003436,0.024810,0.002032,0.002018,0.002222,0.002602,0.002310,0.001944,0.001871,0.002632,0.002178,0.007120,0.006798,0.009225,0.004605,0.007588,0.005687,0.007544,0.004401,0.521170,0.082171,0.269097,0.151901
2.000000,0.001051,0.000582,0.000091,0.000582,0.000148,0.000628,0.000080,0.000537,0.000103,0.000503,0.000160,0.000228,0.000525,0.000343,0.000308,0.000331,0.000411,0.003872,0.000891,0.004626,0.000788,0.003655,0.000594,0.004854,0.000811,0.006053,0.009719,0.010599,0.008612,0.006339,0.008646,0.010839,0.008646,0.014117,0.001302,0.018217,0.001519,0.015259,0.001336,0.017680,0.002010,0.001942,0.001656,0.002159,0.002558,0.001736,0.001530,0.002136,0.002444,0.010348,0.002992,0.008223,0.003049,0.009959,0.003324,0.007995,0.002764,0.740932,0.050396,0.074599,0.026657
0.000000,0.000024,0.000036,0.000036,0.000101,0.000016,0.000069,0.000016,0.000121,0.000024,0.000057,0.000142,0.000134,0.000174,0.000097,0.000126,0.000097,0.000186,0.001685,0.000385,0.002000,0.000340,0.001676,0.000377,0.001579,0.000360,0.007799,0.004718,0.008156,0.003952,0.007245,0.004422,0.008200,0.003863,0.011108,0.000984,0.010589,0.001182,0.011055,0.001085,0.011185,0.001134,0.000818,0.001336,0.000858,0.001438,0.000875,0.001344,0.000842,0.001397,0.005046,0.000599,0.004940,0.000445,0.005398,0.000559,0.004714,0.000364,0.854988,0.016822,0.012123,0.007500
0.000000,0.041837,0.008006,0.000058,0.005244,0.000093,0.008250,0.000081,0.004994,0.000058,0.000384,0.000390,0.000250,0.000238,0.000314,0.000186,0.000285,0.000244,0.002233,0.000285,0.002279,0.000267,0.001826,0.000326,0.001907,0.000192,0.002878,0.006942,0.003517,0.002686,0.002657,0.006099,0.003517,0.002762,0.009279,0.000378,0.010686,0.000343,0.009395,0.000366,0.011552,0.000494,0.000610,0.000750,0.001814,0.000738,0.000814,0.001058,0.002006,0.000936,0.003465,0.002430,0.005308,0.002785,0.003512,0.002494,0.005756,0.002762,0.631227,0.013936,0.006604,0.177756
0.000000,0.000201,0.000077,0.000015,0.000418,0.000062,0.000108,0.000000,0.000558,0.000000,0.000248,0.000062,0.000465,0.000356,0.000449,0.000124,0.000434,0.000294,0.003564,0.001240,0.004571,0.000651,0.003812,0.000728,0.003641,0.000511,0.010831,0.010908,0.010505,0.005625,0.010691,0.010474,0.009885,0.006213,0.018640,0.001844,0.025488,0.002061,0.016843,0.001828,0.025008,0.001937,0.001487,0.002386,0.001952,0.002200,0.001890,0.002386,0.001999,0.002045,0.008135,0.003889,0.009266,0.003843,0.008925,0.004400,0.009901,0.003703,0.716466,0.016547,0.008480,0.023753
1.000000,0.012825,0.000289,0.000033,0.001256,0.000067,0.000345,0.000056,0.001178,0.000089,0.000111,0.000056,0.000156,0.000111,0.000144,0.000122,0.000100,0.000056,0.002612,0.000278,0.001445,0.000167,0.002034,0.000289,0.002012,0.000189,0.006424,0.004834,0.005812,0.004434,0.005446,0.005468,0.005246,0.005346,0.014870,0.001434,0.017704,0.000756,0.015893,0.001111,0.017815,0.000745,0.001567,0.001989,0.001789,0.001723,0.001423,0.001889,0.001945,0.001700,0.007091,0.002112,0.009035,0.001889,0.006490,0.001978,0.008380,0.001712,0.789140,0.033580,0.026407,0.018793
0.000000,0.000606,0.000364,0.000061,0.000348,0.000053,0.000432,0.000129,0.000485,0.000182,0.000508,0.000303,0.000265,0.000265,0.000341,0.000273,0.000432,0.000485,0.003795,0.000515,0.004917,0.000561,0.003879,0.000432,0.004167,0.000553,0.012174,0.006045,0.008152,0.007591,0.012652,0.005652,0.008333,0.007250,0.018939,0.001083,0.012227,0.001341,0.018727,0.000932,0.012356,0.001333,0.001538,0.002644,0.001280,0.001485,0.001606,0.002674,0.001402,0.001508,0.008348,0.003076,0.009061,0.005000,0.008386,0.003205,0.009098,0.004977,0.735182,0.016265,0.008932,0.040394
1.000000,0.019867,0.002442,0.000502,0.003036,0.000333,0.002278,0.000497,0.003215,0.000276,0.000440,0.000369,0.000374,0.000333,0.000348,0.000415,0.000404,0.000307,0.002769,0.000942,0.001454,0.000604,0.002385,0.000727,0.001991,0.000655,0.012711,0.006138,0.008400,0.004192,0.011554,0.005959,0.008743,0.004326,0.009818,0.001367,0.012373,0.000619,0.010151,0.001111,0.011482,0.000880,0.001055,0.001858,0.001423,0.001822,0.000993,0.001720,0.001357,0.001643,0.005651,0.003112,0.007177,0.003532,0.005201,0.003558,0.006153,0.003686,0.748184,0.033134,0.025368,0.045089
2.000000,0.001500,0.001833,0.000333,0.001733,0.000333,0.002467,0.000333,0.001533,0.000067,0.000933,0.001100,0.001567,0.001267,0.001033,0.001333,0.001333,0.001200,0.009800,0.000933,0.006167,0.001233,0.008200,0.000900,0.007333,0.001367,0.010833,0.013067,0.007500,0.007900,0.012100,0.011100,0.009033,0.009200,0.023533,0.002967,0.031000,0.002500,0.027167,0.003267,0.030800,0.002167,0.004033,0.004767,0.004800,0.003533,0.003067,0.004133,0.004800,0.003833,0.013900,0.005433,0.018867,0.006433,0.012600,0.005767,0.017467,0.006067,0.555367,0.049743,0.070646,0.065167
0.000000,0.011550,0.002561,0.000336,0.002799,0.000138,0.003036,0.000218,0.003303,0.000079,0.000465,0.000346,0.000326,0.000218,0.000257,0.000297,0.000148,0.000178,0.001998,0.000564,0.001375,0.000554,0.001424,0.000475,0.001355,0.000643,0.006339,0.008435,0.004183,0.002779,0.007120,0.007694,0.004776,0.003125,0.008950,0.001147,0.015654,0.000692,0.011699,0.000900,0.015921,0.000633,0.001286,0.001612,0.001602,0.001266,0.000880,0.001543,0.001424,0.001523,0.005340,0.002541,0.005864,0.001592,0.005123,0.003540,0.006675,0.001572,0.685004,0.014628,0.007762,0.136924
1.000000,0.003026,0.000331,0.000110,0.000272,0.000028,0.000327,0.000091,0.000284,0.000075,0.000229,0.000209,0.000201,0.000134,0.000217,0.000173,0.000205,0.000264,0.002991,0.000426,0.003298,0.000323,0.002841,0.000571,0.003058,0.000654,0.005516,0.007541,0.008834,0.005902,0.004689,0.007943,0.009247,0.005820,0.010902,0.001147,0.013976,0.001214,0.010209,0.001221,0.014011,0.001158,0.001233,0.001186,0.001509,0.001836,0.001387,0.001040,0.001588,0.001789,0.007041,0.000559,0.006375,0.000457,0.007270,0.000563,0.006351,0.000429,0.814708,0.033644,0.027089,0.015012
0.000000,0.000440,0.000402,0.000113,0.001043,0.000075,0.000226,0.000025,0.000767,0.000038,0.000364,0.000402,0.000402,0.000327,0.000302,0.000251,0.000276,0.000490,0.003594,0.000540,0.003443,0.000817,0.003154,0.000465,0.002828,0.000327,0.005429,0.007126,0.005706,0.005881,0.004939,0.007038,0.005228,0.005316,0.016187,0.001144,0.020950,0.001194,0.015948,0.001118,0.020824,0.000968,0.002338,0.002187,0.002513,0.002199,0.002689,0.002061,0.002677,0.001986,0.009048,0.004197,0.009991,0.003557,0.009928,0.003745,0.010230,0.003506,0.743754,0.016317,0.009147,0.037287
0.000000,0.000853,0.000213,0.000095,0.000237,0.000142,0.000284,0.000154,0.000166,0.000083,0.000308,0.000284,0.000355,0.000438,0.000391,0.000130,0.000178,0.000284,0.003660,0.000320,0.005117,0.000367,0.003719,0.000355,0.005070,0.000462,0.007996,0.004703,0.006622,0.006100,0.008126,0.004347,0.006041,0.006740,0.017650,0.001658,0.013220,0.002760,0.017768,0.001741,0.013243,0.002523,0.001694,0.002203,0.001398,0.001741,0.001765,0.002191,0.001611,0.001670,0.009476,0.000261,0.007937,0.000509,0.009548,0.000296,0.007984,0.000486,0.785146,0.016624,0.010202,0.019178
3.000000,0.018050,0.016415,0.000220,0.006195,0.000346,0.015660,0.000126,0.005577,0.000314,0.000681,0.000461,0.000283,0.000377,0.000398,0.000199,0.000273,0.000367,0.002799,0.000514,0.002652,0.000503,0.002180,0.000587,0.003763,0.000597,0.007065,0.004528,0.006195,0.004864,0.006153,0.003889,0.007547,0.006520,0.011771,0.001184,0.013532,0.001111,0.013816,0.001090,0.012872,0.001447,0.001971,0.002180,0.001646,0.001709,0.001688,0.001824,0.001468,0.002128,0.007809,0.004004,0.005849,0.003396,0.006730,0.003920,0.005419,0.003585,0.621730,0.065427,0.154850,0.139822
0.000000,0.041099,0.011885,0.000714,0.010291,0.000582,0.011991,0.000767,0.010834,0.000913,0.001038,0.000873,0.001078,0.001204,0.000952,0.000906,0.001310,0.001310,0.002527,0.000913,0.002427,0.000860,0.002414,0.001250,0.002791,0.000820,0.004656,0.004815,0.005324,0.004034,0.003505,0.005331,0.006038,0.006025,0.009544,0.001475,0.012884,0.001230,0.010278,0.001250,0.012282,0.001409,0.001997,0.001779,0.001786,0.001819,0.002070,0.001773,0.001647,0.002123,0.004954,0.007117,0.004888,0.005781,0.005159,0.006072,0.004993,0.005298,0.437409,0.011839,0.003158,0.301507
1.000000,0.001464,0.000115,0.000016,0.000233,0.000004,0.000162,0.000024,0.000210,0.000012,0.000079,0.000087,0.000095,0.000071,0.000107,0.000111,0.000051,0.000079,0.001543,0.000182,0.002026,0.000166,0.001215,0.000095,0.002077,0.000150,0.003106,0.004566,0.003937,0.004182,0.002734,0.004008,0.004313,0.004317,0.008242,0.000439,0.010407,0.000657,0.006525,0.000412,0.010383,0.000696,0.001049,0.000795,0.000977,0.001037,0.001076,0.000783,0.000958,0.000993,0.004986,0.001587,0.003854,0.001428,0.005049,0.001583,0.003704,0.001341,0.873481,0.033627,0.028760,0.016018
0.000000,0.001284,0.000816,0.000087,0.000550,0.000083,0.000784,0.000083,0.000560,0.000087,0.000280,0.000317,0.000307,0.000280,0.000216,0.000239,0.000358,0.000317,0.002743,0.000509,0.002486,0.000550,0.002633,0.000362,0.002656,0.000587,0.004055,0.007610,0.005018,0.007536,0.003674,0.007247,0.004981,0.008142,0.011747,0.001156,0.012311,0.000991,0.011573,0.001211,0.011734,0.001087,0.001738,0.000931,0.001656,0.001156,0.001706,0.001000,0.001601,0.001069,0.006197,0.000950,0.005816,0.001367,0.005835,0.001229,0.006014,0.001206,0.815695,0.016515,0.011023,0.025586
1.000000,0.008061,0.004803,0.000419,0.002943,0.000336,0.004293,0.000475,0.002860,0.000301,0.000727,0.000755,0.000839,0.000720,0.000860,0.000951,0.000965,0.000629,0.005083,0.001063,0.004943,0.001657,0.005733,0.000867,0.005286,0.001252,0.012997,0.006621,0.007285,0.010180,0.013557,0.004992,0.007509,0.010627,0.014955,0.001839,0.014361,0.001636,0.015948,0.001720,0.014431,0.001825,0.002454,0.002692,0.001650,0.002007,0.002391,0.002601,0.001615,0.001867,0.010299,0.004286,0.009460,0.005307,0.009872,0.004370,0.009138,0.005460,0.615208,0.032000,0.022381,0.112020
2.000000,0.012085,0.002122,0.000029,0.003877,0.000034,0.002175,0.000043,0.004075,0.000034,0.000130,0.000116,0.000068,0.000087,0.000188,0.000183,0.000116,0.000135,0.002093,0.000193,0.002787,0.000212,0.001895,0.000111,0.002763,0.000275,0.005869,0.005141,0.005425,0.003964,0.005584,0.004938,0.005421,0.003940,0.011391,0.000791,0.011174,0.001138,0.011328,0.000641,0.011073,0.001278,0.001080,0.001418,0.001360,0.001374,0.001046,0.001452,0.001317,0.001490,0.006588,0.001495,0.006226,0.001109,0.006255,0.001534,0.006033,0.001018,0.812601,0.050480,0.076459,0.021682
3.000000,0.002121,0.002147,0.000027,0.000557,0.000318,0.001670,0.000133,0.000769,0.000265,0.000530,0.000398,0.000451,0.000530,0.000424,0.000530,0.000318,0.000504,0.004215,0.000557,0.007423,0.000901,0.003659,0.000345,0.008961,0.000636,0.004295,0.003791,0.006787,0.012460,0.004348,0.003526,0.006416,0.011002,0.026485,0.000981,0.025106,0.002068,0.028950,0.000954,0.025239,0.002678,0.005435,0.002651,0.002572,0.003314,0.005064,0.002280,0.001988,0.002996,0.019088,0.004189,0.009385,0.004242,0.017577,0.004401,0.008987,0.004719,0.638282,0.066791,0.155062,0.059358
4.000000,0.003866,0.000431,0.000431,0.001049,0.000604,0.000489,0.000374,0.001408,0.000575,0.000661,0.000561,0.000719,0.000690,0.000589,0.000503,0.000388,0.000345,0.003176,0.001581,0.002644,0.000575,0.002213,0.001279,0.003004,0.000790,0.002803,0.010147,0.010880,0.004067,0.002860,0.008911,0.010923,0.003377,0.009313,0.001265,0.035326,0.000834,0.009428,0.000733,0.036275,0.001121,0.001408,0.001193,0.002314,0.002343,0.001394,0.001337,0.002156,0.002256,0.006625,0.006597,0.006769,0.002903,0.006942,0.006654,0.006151,0.002271,0.732380,0.084219,0.273245,0.031101
2.000000,0.001787,0.000080,0.000016,0.000144,0.000024,0.000104,0.000008,0.000176,0.000024,0.000056,0.000072,0.000160,0.000160,0.000120,0.000080,0.000152,0.000152,0.001683,0.000296,0.002564,0.000248,0.002003,0.000280,0.002612,0.000224,0.005080,0.004647,0.004551,0.005120,0.004816,0.004399,0.004720,0.004864,0.014687,0.000641,0.014984,0.000905,0.014455,0.000681,0.015224,0.000929,0.001362,0.001346,0.001202,0.001322,0.001490,0.001282,0.001314,0.001266,0.006122,0.000994,0.005489,0.001314,0.006546,0.001202,0.005489,0.001210,0.833502,0.050617,0.077031,0.013614
1.000000,0.043233,0.015468,0.000331,0.016215,0.000175,0.020547,0.000265,0.017878,0.000175,0.000470,0.000476,0.000813,0.000536,0.000428,0.000488,0.000482,0.000374,0.004459,0.001440,0.002663,0.001036,0.003429,0.000928,0.002910,0.001073,0.009231,0.013280,0.009840,0.005550,0.009105,0.013118,0.009984,0.005501,0.011045,0.001952,0.017558,0.001169,0.011653,0.001434,0.018999,0.000874,0.001073,0.001476,0.002609,0.001699,0.001241,0.001482,0.002302,0.001711,0.003591,0.007749,0.004362,0.005339,0.003784,0.007719,0.004387,0.004597,0.498494,0.031020,0.020286,0.169800
0.000000,0.000609,0.000254,0.000159,0.000174,0.000196,0.000377,0.000196,0.000312,0.000072,0.000138,0.000167,0.000319,0.000275,0.000145,0.000174,0.000297,0.000174,0.001985,0.000384,0.002681,0.000333,0.002253,0.000217,0.002290,0.000188,0.003406,0.005521,0.004934,0.004760,0.003478,0.005413,0.004884,0.005318,0.014122,0.000717,0.013832,0.000978,0.013528,0.000812,0.013506,0.000877,0.001536,0.001217,0.001623,0.001667,0.001659,0.001217,0.001652,0.001630,0.006673,0.001391,0.005818,0.001493,0.006782,0.001645,0.006224,0.001543,0.830594,0.016692,0.011434,0.015180
0.000000,0.002514,0.000998,0.000088,0.000625,0.000088,0.001257,0.000221,0.000758,0.000171,0.000183,0.000114,0.000196,0.000303,0.000221,0.000335,0.000347,0.000309,0.002741,0.000366,0.003417,0.000347,0.002804,0.000278,0.003158,0.000253,0.004800,0.003562,0.004781,0.005476,0.004572,0.002930,0.004629,0.005015,0.011917,0.001238,0.010395,0.001345,0.011766,0.001232,0.010004,0.001680,0.001819,0.001756,0.001124,0.001301,0.001617,0.001825,0.001269,0.001636,0.007882,0.001813,0.006448,0.002886,0.007699,0.001901,0.006745,0.002842,0.813174,0.016461,0.010953,0.028830
0.000000,0.000442,0.000243,0.000009,0.000130,0.000069,0.000225,0.000009,0.000035,0.000104,0.000217,0.000286,0.000156,0.000225,0.000269,0.000113,0.000139,0.000208,0.002660,0.000364,0.002980,0.000433,0.002079,0.000563,0.002547,0.000364,0.006758,0.003821,0.007624,0.006455,0.006004,0.003396,0.008369,0.007572,0.013906,0.000858,0.018264,0.000936,0.015595,0.000745,0.018004,0.000918,0.001629,0.001594,0.000979,0.001594,0.001551,0.001378,0.000936,0.001715,0.007226,0.001698,0.005640,0.001819,0.006732,0.001880,0.005094,0.001802,0.808213,0.016705,0.010820,0.014426
4.000000,0.010973,0.000950,0.000732,0.001088,0.000792,0.000722,0.000287,0.001207,0.000475,0.000257,0.000287,0.000198,0.000168,0.000396,0.000287,0.000148,0.000119,0.002009,0.000228,0.001910,0.000297,0.001880,0.000277,0.001712,0.000416,0.002048,0.004858,0.004265,0.004898,0.002701,0.004819,0.003384,0.003354,0.011518,0.000861,0.012547,0.000960,0.013071,0.000910,0.013418,0.000821,0.001346,0.000891,0.001504,0.001514,0.001484,0.000960,0.001603,0.001247,0.004888,0.003147,0.004947,0.003255,0.006115,0.002889,0.005383,0.002879,0.821209,0.084365,0.275518,0.022491
3.000000,0.010223,0.011708,0.000297,0.004299,0.000297,0.011286,0.000250,0.003439,0.000360,0.000860,0.000625,0.000469,0.000406,0.000406,0.000813,0.000360,0.000375,0.005127,0.001032,0.002095,0.000813,0.004611,0.000907,0.003955,0.000688,0.009738,0.006925,0.005612,0.007394,0.010458,0.004533,0.006456,0.009019,0.017210,0.002157,0.019211,0.001188,0.020556,0.001938,0.018523,0.001501,0.002564,0.003033,0.002329,0.002392,0.002110,0.002798,0.002392,0.002704,0.009567,0.002704,0.011630,0.004580,0.007956,0.002407,0.009645,0.004221,0.607975,0.065917,0.154511,0.110875
0.000000,0.000399,0.000048,0.000000,0.000351,0.000032,0.000048,0.000000,0.000478,0.000000,0.000096,0.000096,0.000207,0.000303,0.000175,0.000032,0.000335,0.000335,0.002822,0.000606,0.003699,0.000526,0.003396,0.000367,0.003252,0.000303,0.005086,0.009981,0.005788,0.005166,0.004671,0.009423,0.005054,0.005803,0.017937,0.001180,0.023070,0.001307,0.016645,0.001307,0.021859,0.001690,0.001435,0.001547,0.001913,0.001626,0.001658,0.001849,0.002248,0.001403,0.006999,0.003635,0.007669,0.001993,0.007015,0.004209,0.008641,0.002264,0.772437,0.016651,0.009875,0.017586
2.000000,0.003478,0.000207,0.000104,0.000245,0.000096,0.000180,0.000127,0.000146,0.000058,0.000115,0.000138,0.000123,0.000142,0.000081,0.000046,0.000104,0.000130,0.003969,0.000326,0.002201,0.000621,0.003685,0.000272,0.002443,0.000617,0.005269,0.005465,0.003474,0.004172,0.004905,0.004805,0.003628,0.004353,0.009564,0.001315,0.010385,0.000897,0.010274,0.001400,0.011992,0.000943,0.001315,0.001630,0.001614,0.001104,0.001342,0.001530,0.001549,0.001062,0.005365,0.001653,0.007608,0.001745,0.005265,0.001591,0.007440,0.001684,0.839405,0.050600,0.077193,0.014600
1.000000,0.015584,0.008249,0.000737,0.007192,0.000509,0.007623,0.000718,0.007172,0.000542,0.001429,0.001344,0.001416,0.001292,0.001273,0.001299,0.001227,0.001592,0.005351,0.001338,0.006213,0.001592,0.005782,0.001449,0.006278,0.001605,0.013953,0.007016,0.007499,0.011271,0.014938,0.006598,0.007557,0.010925,0.013183,0.001716,0.013326,0.001925,0.012654,0.001795,0.010494,0.001860,0.003400,0.003687,0.003296,0.003283,0.003505,0.003589,0.003224,0.003119,0.021053,0.008693,0.020192,0.009228,0.019454,0.009411,0.020831,0.009215,0.309208,0.028473,0.017831,0.320094
0.000000,0.007766,0.001254,0.000126,0.001134,0.000147,0.001289,0.000133,0.001092,0.000196,0.000161,0.000133,0.000203,0.000175,0.000168,0.000203,0.000189,0.000280,0.002164,0.000231,0.001555,0.000357,0.001842,0.000168,0.002122,0.000217,0.004251,0.003571,0.003648,0.003831,0.005000,0.002885,0.003782,0.003922,0.013480,0.001008,0.011401,0.000805,0.014433,0.000805,0.010987,0.000931,0.001576,0.001765,0.001471,0.001450,0.001520,0.001737,0.001464,0.001562,0.006583,0.001891,0.006982,0.002381,0.006099,0.002031,0.006506,0.002528,0.813060,0.016418,0.010953,0.031352
0.000000,0.015709,0.008812,0.000126,0.004772,0.000176,0.008989,0.000160,0.005922,0.000118,0.000336,0.000328,0.000210,0.000151,0.000294,0.000319,0.000160,0.000151,0.001789,0.000353,0.002134,0.000134,0.001991,0.000386,0.001663,0.000344,0.003789,0.002957,0.004125,0.003797,0.003915,0.004049,0.003553,0.003604,0.009669,0.000605,0.012231,0.000865,0.007434,0.000806,0.012105,0.000697,0.001487,0.001672,0.001285,0.001554,0.001403,0.001428,0.001394,0.001436,0.005276,0.004797,0.005158,0.006418,0.005754,0.004326,0.005637,0.006536,0.605393,0.013401,0.006054,0.209316
3.000000,0.004419,0.000360,0.000033,0.000192,0.000025,0.000409,0.000025,0.000164,0.000041,0.000110,0.000037,0.000065,0.000090,0.000090,0.000114,0.000061,0.000119,0.001946,0.000298,0.001733,0.000809,0.001598,0.000401,0.001872,0.001071,0.006246,0.004108,0.003397,0.008205,0.006459,0.004129,0.003520,0.008846,0.013866,0.001141,0.009116,0.001059,0.013801,0.001055,0.008871,0.000985,0.001619,0.001386,0.001006,0.000797,0.001549,0.001226,0.000920,0.000842,0.005179,0.000172,0.004926,0.000102,0.005147,0.000164,0.004795,0.000086,0.853103,0.067693,0.160312,0.006095
